id,date,price,bedrooms,bathrooms,sqft_living,yr_built,condition
7527200030,2014-12-29,700000.0,5,2.5,2830.0,1979,5.0
3300701615,2014-09-30,655000.0,3,2.5,1900.0,2002,3.0
9528102996,2014-12-07,549000.0,3,1.75,1540.0,2014,3.0
2008200060,2014-06-24,160000.0,3,1.5,1010.0,1962,4.0
3394100030,2014-09-09,975000.0,4,2.5,2720.0,1989,3.0
3010300240,2014-06-23,577000.0,3,2.5,2060.0,1976,3.0
3969300030,2014-12-29,239900.0,4,1.0,1000.0,1943,3.0
8562501040,2014-11-20,452000.0,4,1.5,1580.0,1963,4.0
6979900390,2014-05-29,565000.0,4,2.5,2440.0,1996,3.0
3253500160,2014-11-20,317625.0,3,2.75,2770.0,1925,3.0
7214810350,2014-10-17,467000.0,5,2.25,2500.0,1979,3.0
7199330390,2014-06-24,415000.0,3,1.75,1070.0,1977,3.0
3717000160,2014-10-09,287000.0,4,2.5,2240.0,2005,3.0
1959700550,2014-09-05,740000.0,4,2.0,2050.0,1922,4.0
3649100320,2015-04-30,330000.0,2,1.0,1220.0,1950,5.0
9468200125,2014-08-26,480000.0,2,1.0,1030.0,1918,4.0
1545804860,2014-10-27,275000.0,3,3.0,1590.0,1997,3.0
3126049411,2014-12-09,340000.0,2,2.5,1900.0,1997,3.0
7202331420,2014-06-20,650000.0,4,2.5,3040.0,2003,3.0
259900160,2015-01-02,748000.0,4,3.5,1900.0,2001,3.0
339500160,2014-10-08,662000.0,3,1.75,2500.0,1984,3.0
9500900135,2014-10-21,200000.0,3,1.5,1210.0,1958,4.0
6431000270,2014-07-28,565000.0,2,1.0,960.0,1911,5.0
3211290370,2014-06-05,463000.0,3,2.5,1900.0,1992,3.0
8562750320,2014-11-10,580500.0,3,2.5,2320.0,2003,3.0
8722101360,2014-12-02,780000.0,3,1.0,1660.0,1911,3.0
5379805460,2015-01-21,245000.0,3,1.5,1360.0,1949,5.0
9277200111,2014-07-14,650000.0,4,1.75,2010.0,1963,4.0
5104510270,2014-07-18,338900.0,4,2.5,1830.0,2003,3.0
257000138,2015-01-15,280000.0,2,1.0,850.0,1923,3.0
6300000287,2014-06-09,430000.0,3,1.0,1410.0,1956,4.0
1088650310,2015-01-27,530000.0,4,2.5,2320.0,2004,3.0
8563040160,2015-01-21,560000.0,4,2.25,2550.0,1968,3.0
2078500320,2014-06-20,605000.0,4,2.5,2620.0,1996,3.0
1402600700,2014-07-21,359900.0,4,2.25,2470.0,1983,3.0
1604601375,2014-06-19,378750.0,3,,2160.0,1909,3.0
205000520,2014-10-06,737500.0,4,2.5,3200.0,1993,3.0
1588600045,2014-12-15,459000.0,2,1.75,1170.0,1929,3.0
2767603505,2014-05-07,519950.0,3,2.25,1170.0,2014,3.0
3832710960,2014-09-23,260000.0,3,2.0,1810.0,1978,4.0
1687900520,2014-09-29,673000.0,4,2.25,2590.0,1980,4.0
7972000240,2015-02-02,240000.0,3,1.75,1510.0,1969,3.0
8018600765,2014-06-04,240500.0,3,1.75,1460.0,1997,3.0
4348800030,2014-11-21,727500.0,2,2.0,1240.0,1952,4.0
1442860160,2015-01-07,380000.0,3,2.5,2280.0,1985,4.0
3278600240,2014-07-22,430000.0,2,2.5,1400.0,2007,3.0
3904901710,2015-02-24,435500.0,3,2.25,1450.0,1985,3.0
1521069070,2015-02-18,204000.0,3,1.0,1040.0,1971,4.0
8078560140,2014-05-19,290000.0,4,2.5,1700.0,1988,4.0
3134100116,2014-08-27,470000.0,5,1.75,2030.0,1942,4.0
6145600041,2014-05-14,306000.0,3,1.5,1220.0,2007,3.0
9297300045,2014-07-09,550000.0,3,2.0,1970.0,1929,5.0
200350070,2014-06-02,559900.0,3,2.75,2930.0,2004,3.0
424069250,2015-04-23,785000.0,4,2.75,1900.0,1989,4.0
2024069128,2014-11-10,1030000.0,3,2.5,3545.0,2005,3.0
9550201550,2015-04-08,640000.0,2,1.0,1070.0,1924,3.0
2824079053,2015-01-13,440000.0,3,2.5,1910.0,1997,3.0
3261020370,2014-06-05,653000.0,3,2.5,2680.0,1979,4.0
5466000030,2014-06-03,328500.0,3,2.5,1950.0,1990,4.0
7694800270,2015-04-20,636000.0,3,2.5,2140.0,2007,3.0
5196410260,2015-04-22,1000000.0,3,2.5,3180.0,1991,3.0
7280300196,2015-04-03,550000.0,4,2.75,1800.0,1965,4.0
2424000060,2014-06-16,500000.0,4,2.75,2280.0,1960,5.0
6388900710,2014-12-19,430000.0,3,2.5,1900.0,1988,3.0
822039084,2015-03-11,430000.0,3,2.5,2753.0,1953,5.0
2423069155,2014-11-20,430000.0,4,2.0,2090.0,1984,4.0
2201500030,2014-10-06,420000.0,4,1.0,1750.0,1954,4.0
2599001200,2014-11-03,305000.0,5,2.25,2660.0,1961,5.0
2944000240,2015-04-22,910000.0,4,2.5,3350.0,1988,3.0
2287000060,2014-09-12,799000.0,3,2.5,2140.0,1959,4.0
6145601000,2014-07-11,429950.0,4,1.0,1760.0,1947,3.0
7589200193,2014-11-10,535000.0,3,1.0,1090.0,1929,4.0
2426039314,2014-12-01,280000.0,2,1.5,1190.0,2005,3.0
1222069094,2014-10-14,385000.0,3,1.75,1350.0,1969,4.0
723099065,2015-01-30,465000.0,3,2.0,1840.0,1994,3.0
1123049053,2015-02-13,360000.0,4,2.5,1840.0,1996,3.0
809002765,2014-10-22,610000.0,3,1.0,1180.0,1907,3.0
3754700160,2014-05-06,397000.0,4,2.0,1440.0,1971,3.0
4027700812,2014-05-29,452000.0,4,2.25,2590.0,1968,4.0
8820901275,2014-06-10,571000.0,4,2.0,2750.0,1916,5.0
2391600320,2015-04-20,480000.0,3,1.0,1040.0,1941,3.0
5693500270,2015-01-21,715000.0,4,1.0,2000.0,1911,4.0
4215100060,2015-03-20,365000.0,3,2.5,2653.0,2006,3.0
3422049190,2015-03-30,247500.0,3,1.75,1900.0,1967,3.0
3329500060,2014-07-28,430000.0,4,2.5,2250.0,1982,3.0
3832200070,2014-12-22,250000.0,4,1.75,1710.0,1968,5.0
6874200960,2015-02-27,170000.0,2,1.0,860.0,1931,3.0
1653500070,2014-05-12,927000.0,4,2.75,3300.0,1953,3.0
7010700292,2014-10-09,543500.0,3,2.25,1270.0,1970,3.0
1796380960,2014-11-26,223000.0,3,2.0,1670.0,1990,3.0
7203600550,2014-08-04,325000.0,2,1.0,1060.0,1946,4.0
4217401195,2015-03-03,920000.0,5,2.25,2730.0,1927,3.0
3432500200,2015-04-09,329999.0,3,1.0,1150.0,1952,3.0
8960000030,2014-07-28,215000.0,3,1.0,1900.0,1967,4.0
1099611230,2014-09-12,199000.0,4,1.5,1160.0,1975,4.0
4036801170,2014-10-13,380000.0,4,1.75,1760.0,1956,3.0
3211100860,2015-03-03,274250.0,3,1.0,910.0,1962,4.0
616000140,2015-01-26,315000.0,3,1.0,1900.0,1954,4.0
2972300060,2014-12-17,405300.0,3,2.75,2390.0,1983,5.0
1222000055,2014-11-23,180250.0,2,0.75,900.0,1941,3.0
1118500030,2014-10-01,810000.0,4,2.5,3520.0,1991,3.0
1545808560,2015-04-03,245000.0,3,2.5,1530.0,1996,5.0
4402700070,2015-03-11,300000.0,2,1.0,1100.0,1950,4.0
1133000671,2014-06-02,315000.0,3,1.0,960.0,1952,3.0
1736800520,2015-04-03,662500.0,3,2.5,3560.0,1965,3.0
3793500550,2014-08-08,289950.0,3,2.5,1670.0,2002,3.0
9545230140,2014-07-25,597750.0,4,2.5,2310.0,1984,3.0
1180003090,2014-09-06,190000.0,2,1.0,630.0,1943,3.0
3814400125,2014-10-16,493000.0,4,2.0,1910.0,1910,3.0
6300000550,2014-07-17,464000.0,6,3.0,2300.0,1920,3.0
1762600320,2014-06-10,430000.0,5,4.0,3760.0,1983,3.0
7771300125,2015-04-08,487000.0,3,2.0,2590.0,1948,5.0
1223039290,2014-09-05,430000.0,4,2.5,2120.0,1993,3.0
3454800060,2015-01-08,171800.0,4,2.0,1570.0,1950,3.0
4233400400,2015-04-14,267000.0,3,2.0,1300.0,1994,3.0
2310030510,2015-04-22,320000.0,4,2.25,1550.0,1993,3.0
3830630060,2014-09-29,245000.0,3,2.5,1730.0,1987,3.0
3620069036,2014-10-21,265000.0,3,1.75,1820.0,1966,3.0
1873100390,2015-03-02,719000.0,4,2.5,2570.0,2005,3.0
1062100116,2015-01-21,475000.0,3,,1640.0,1969,3.0
5468730030,2014-08-22,265000.0,3,2.0,1900.0,1993,3.0
7437100340,2014-12-22,360000.0,4,2.5,1900.0,1992,3.0
1566100400,2014-09-24,387500.0,3,1.0,1220.0,1946,3.0
2747100024,2014-06-19,576000.0,3,2.5,1940.0,1948,4.0
9542300320,2015-02-02,856600.0,4,2.25,2400.0,1964,4.0
7852180340,2014-09-30,430000.0,3,2.5,2360.0,2003,3.0
1560930070,2014-09-11,840000.0,4,3.5,2840.0,1986,4.0
1025049114,2014-07-17,625504.0,3,2.25,1270.0,2014,3.0
4403600270,2015-02-24,970000.0,4,3.25,1900.0,1987,3.0
9169600135,2014-10-27,430000.0,3,1.5,1350.0,1950,3.0
2008000270,2015-01-15,291850.0,3,1.5,1060.0,1963,3.0
5200100125,2014-10-27,430000.0,3,2.0,1980.0,1929,4.0
3530210260,2014-10-27,274975.0,3,2.5,3030.0,1987,3.0
5694500105,2014-12-04,595000.0,2,2.0,1510.0,1900,4.0
4315700060,2015-03-03,378000.0,2,2.0,1300.0,1963,3.0
5631500400,2015-02-25,180000.0,2,1.0,770.0,1933,3.0
2612000390,2014-06-15,269950.0,3,2.5,1890.0,2002,3.0
1923069078,2014-08-05,890000.0,4,3.25,3180.0,2005,3.0
6909200575,2015-03-14,685000.0,3,2.0,2060.0,1931,5.0
7852020640,2014-10-20,470000.0,3,2.5,2100.0,1999,3.0
3300701170,2014-06-20,395000.0,3,1.0,1500.0,1925,3.0
2827100070,2014-11-05,290000.0,4,1.0,1330.0,1949,3.0
2710600045,2014-06-16,460000.0,3,1.75,1550.0,1949,4.0
2123039032,2014-10-27,430000.0,1,0.75,760.0,1936,5.0
2826049234,2015-01-14,425000.0,3,2.25,1900.0,1967,3.0
9542850320,2014-07-25,790000.0,3,2.25,2370.0,1977,4.0
6414100671,2014-09-09,425000.0,3,1.75,2500.0,1957,3.0
1531000030,2015-03-23,720000.0,4,2.5,3450.0,2002,3.0
8075400570,2014-10-30,258000.0,5,2.0,2260.0,1960,4.0
7325600160,2014-06-04,299000.0,1,0.75,560.0,1967,3.0
808300310,2015-03-13,430000.0,4,2.25,2130.0,2001,3.0
3353401710,2014-09-23,227950.0,3,1.5,1670.0,1954,5.0
3204800200,2015-01-08,665000.0,4,2.75,3320.0,1960,5.0
4022907770,2014-10-14,550000.0,4,1.75,1900.0,1958,3.0
8929000270,2014-05-12,453246.0,3,2.5,2010.0,2014,3.0
624111000,2014-08-05,950000.0,3,3.0,4040.0,1986,3.0
4014400292,2015-01-14,465000.0,3,2.5,2714.0,2005,3.0
708000030,2014-09-02,888000.0,3,1.5,1900.0,1953,4.0
9822700295,2014-05-12,885000.0,4,2.5,1900.0,1995,3.0
3626039299,2015-02-24,588000.0,3,1.0,1910.0,1951,4.0
8078570390,2015-04-15,260000.0,3,2.5,1920.0,1989,3.0
2998800125,2014-07-01,730000.0,2,2.25,2130.0,1941,4.0
1959701890,2014-07-29,865000.0,4,1.75,1800.0,1921,4.0
7549802535,2014-11-11,423000.0,4,2.0,1970.0,1920,5.0
7203000640,2014-09-18,215000.0,4,1.0,1130.0,1969,4.0
1775800800,2015-02-24,396000.0,3,1.0,1500.0,1967,3.0
1516000055,2014-12-10,650000.0,3,2.25,2150.0,1959,4.0
8669160310,2014-12-09,266000.0,3,2.5,1805.0,2009,3.0
582000135,2014-06-22,565000.0,2,1.75,1330.0,1914,4.0
2944010240,2014-09-08,988000.0,4,3.0,4040.0,1987,3.0
7199350340,2014-08-25,430000.0,3,1.75,1440.0,1980,3.0
3179100435,2014-07-15,641000.0,2,1.0,1420.0,1953,3.0
7504101040,2014-08-21,722500.0,5,,4870.0,1983,3.0
7899800890,2015-02-26,181000.0,2,1.5,720.0,1954,3.0
7942601895,2014-08-19,640000.0,3,2.5,1900.0,1903,3.0
4045500710,2014-12-18,405000.0,2,0.75,1900.0,1937,4.0
2791500270,2014-05-22,243500.0,4,2.5,1980.0,1988,3.0
4338800370,2014-11-17,220000.0,3,1.0,1000.0,1944,3.0
8123100045,2015-04-14,470000.0,4,3.0,2380.0,1925,4.0
1494300060,2014-06-11,522000.0,3,1.75,1900.0,1980,4.0
8718500075,2014-11-17,396000.0,3,1.5,1300.0,1956,5.0
8029200135,2014-11-13,247000.0,3,2.0,1270.0,1916,3.0
925059288,2015-05-07,750000.0,3,2.5,1900.0,2001,3.0
9545240070,2015-04-28,660500.0,4,2.25,2010.0,1986,3.0
1432701230,2014-07-29,309000.0,3,1.0,1280.0,1959,4.0
1525059190,2014-09-12,1040000.0,5,3.25,4770.0,1973,4.0
6607000126,2014-06-04,375000.0,4,1.75,2200.0,1955,5.0
8857600960,2014-08-19,205000.0,3,1.0,1900.0,1960,4.0
6379500159,2014-09-11,400000.0,3,2.25,1190.0,2008,3.0
921049315,2014-08-13,199000.0,3,1.75,1320.0,1956,4.0
9418400240,2014-10-28,355000.0,2,1.0,1900.0,1948,3.0
2558660270,2014-12-08,370000.0,3,1.75,1580.0,1976,3.0
2617300160,2014-08-12,420000.0,3,2.0,2020.0,1975,4.0
5101402488,2014-06-24,438000.0,3,1.75,1520.0,1948,3.0
7905370390,2014-10-09,475000.0,5,2.5,2340.0,1975,3.0
3663500060,2014-06-25,400000.0,3,2.5,1900.0,1962,4.0
5152100060,2014-05-29,472000.0,6,2.5,4410.0,1965,4.0
2171400197,2014-09-18,350000.0,5,3.0,2520.0,2004,3.0
1742800060,2014-06-12,501000.0,3,1.75,1970.0,1976,5.0
3655000070,2014-08-05,220000.0,4,1.75,2020.0,1968,3.0
7994700030,2014-10-23,201000.0,5,1.75,1660.0,1915,3.0
4232901525,2014-06-27,665000.0,2,1.0,1110.0,1925,3.0
1321400060,2014-06-27,257500.0,3,2.25,1715.0,1995,3.0
2525000510,2014-11-06,328000.0,3,1.75,1900.0,1983,3.0
5149300200,2014-09-02,316500.0,3,1.75,1600.0,1979,3.0
5416510140,2014-07-10,360000.0,4,2.5,2380.0,2005,3.0
8648100200,2014-10-27,331500.0,4,2.5,2050.0,1998,3.0
1840000030,2014-05-29,267500.0,3,1.75,1590.0,1957,3.0
1526069017,2014-12-03,921500.0,4,2.5,3670.0,1994,4.0
1115450240,2014-10-22,360000.0,4,2.5,2160.0,1992,3.0
3677400445,2014-09-02,475000.0,3,1.5,2480.0,1947,5.0
5611500140,2014-08-22,686000.0,4,2.5,2760.0,1999,3.0
1726059053,2014-09-16,270000.0,2,1.5,1380.0,1954,1.0
1243100136,2014-06-12,784000.0,3,3.5,3950.0,1989,3.0
98020310,2014-05-20,730000.0,4,,3230.0,2004,3.0
8856950240,2014-06-18,322500.0,4,2.5,1820.0,1994,3.0
726049331,2015-03-26,515000.0,5,3.0,2530.0,2005,3.0
1138020200,2014-09-03,435000.0,4,1.5,1510.0,1970,3.0
936000060,2014-11-14,310000.0,5,1.75,2190.0,1947,4.0
7766200013,2014-08-11,775000.0,4,2.25,4220.0,1984,3.0
9828702519,2014-05-12,490000.0,2,2.5,1230.0,2004,3.0
1853000400,2015-03-05,680000.0,4,2.5,3140.0,1991,4.0
7852110140,2014-07-18,552250.0,4,2.5,2580.0,2002,3.0
9478500640,2014-08-19,292500.0,4,2.5,2250.0,2008,3.0
1873100060,2014-08-29,430000.0,4,2.5,2460.0,2006,3.0
6665800030,2014-07-18,590000.0,4,2.75,2910.0,1975,3.0
7812800565,2014-08-14,289500.0,3,1.0,960.0,1944,4.0
7972000200,2014-05-29,264950.0,3,2.25,1720.0,1978,4.0
8677300550,2014-05-15,592500.0,4,2.5,2240.0,1983,3.0
9542830350,2014-09-02,430000.0,4,2.5,1780.0,2006,3.0
8078490390,2014-07-29,295000.0,3,2.0,1810.0,1991,3.0
3814700200,2014-11-20,329000.0,3,2.25,2450.0,1985,4.0
7230200340,2015-02-25,305000.0,3,1.0,1250.0,1967,5.0
2757000030,2014-09-22,855000.0,4,2.75,2270.0,1965,3.0
5416510830,2014-08-06,300000.0,4,2.5,1910.0,2005,3.0
7231300125,2015-02-17,345000.0,5,2.5,3150.0,1966,4.0
2946001550,2015-04-16,279000.0,6,1.75,2240.0,1955,4.0
9485951170,2014-05-22,480000.0,4,2.25,3250.0,1983,4.0
7518503335,2014-05-19,475000.0,2,1.0,1490.0,1929,3.0
191100045,2014-07-03,940000.0,4,2.0,1900.0,1968,5.0
1509500060,2014-09-05,370000.0,4,2.5,2720.0,1992,3.0
16000397,2014-12-05,189000.0,2,1.0,1200.0,1921,4.0
5419800510,2014-11-17,268500.0,4,1.75,1420.0,1981,4.0
579003610,2015-02-24,517500.0,3,1.5,1430.0,1940,4.0
1523059105,2015-01-28,356000.0,3,1.5,1680.0,1964,3.0
9558200045,2014-08-28,289000.0,3,1.75,1260.0,1954,3.0
8944290160,2014-11-04,230000.0,3,2.0,1510.0,1985,3.0
6619910140,2015-02-24,630000.0,4,1.75,2950.0,1975,4.0
1049010390,2015-03-19,505000.0,3,2.0,1260.0,1972,3.0
5000500055,2014-05-28,215000.0,2,1.0,1320.0,1943,4.0
7852170140,2015-05-10,650000.0,4,2.5,3180.0,2003,3.0
1922059282,2014-09-18,325000.0,3,2.25,2220.0,1966,4.0
7942600310,2014-07-17,375000.0,2,1.0,940.0,1909,3.0
2621760350,2014-10-15,325000.0,4,2.5,1900.0,1997,3.0
4337000335,2014-11-22,268750.0,4,1.0,800.0,1943,3.0
1665400045,2015-04-28,186375.0,3,1.0,1000.0,1952,2.0
822079033,2015-04-22,350000.0,3,1.5,1250.0,1980,4.0
3760000030,2014-10-30,669950.0,5,2.5,2820.0,1960,4.0
3881900445,2014-07-09,399950.0,5,2.75,1970.0,1986,3.0
7846700310,2014-06-23,280000.0,2,1.0,1010.0,1925,4.0
925059078,2014-08-19,604950.0,3,2.5,2110.0,2013,3.0
3574800520,2014-06-20,441000.0,3,2.75,1910.0,1979,3.0
3444100400,2015-03-16,349000.0,3,1.75,1790.0,1965,5.0
9385200045,2015-05-12,430000.0,3,2.5,1660.0,2015,3.0
9385200055,2014-09-12,650000.0,3,3.25,1510.0,2001,3.0
6197800045,2014-09-24,290000.0,3,1.0,1210.0,1954,3.0
8961960160,2014-10-28,480000.0,4,2.5,3230.0,2001,3.0
4168000060,2015-02-26,153000.0,3,1.0,1200.0,1962,3.0
2422029094,2014-07-16,517534.0,2,1.0,833.0,2006,3.0
3869900162,2014-09-04,430000.0,2,1.75,1030.0,2006,3.0
6381500700,2014-11-05,365000.0,4,1.0,1590.0,1944,3.0
731500200,2015-01-13,347500.0,4,2.5,2156.0,2012,3.0
1771000890,2014-09-17,305000.0,3,1.0,1160.0,1967,3.0
7806300030,2014-09-17,430000.0,3,2.75,3080.0,1958,4.0
1727500340,2014-06-14,397500.0,3,2.0,1510.0,1972,3.0
9212900260,2014-05-27,468000.0,2,1.0,1160.0,1942,4.0
646910160,2014-09-03,237000.0,3,2.5,1490.0,2005,3.0
9270200160,2014-10-28,685000.0,3,1.0,1900.0,1922,3.0
7203220400,2014-07-07,430000.0,5,2.75,3595.0,2014,3.0
1836980160,2015-03-24,430000.0,4,2.5,2680.0,1999,3.0
7011200260,2014-12-19,430000.0,4,2.0,1900.0,1900,3.0
1774220160,2014-11-04,632925.0,3,2.5,1900.0,1978,4.0
5437810320,2014-11-17,269950.0,3,1.5,1950.0,1975,4.0
1545807610,2015-04-29,270500.0,3,2.5,1780.0,1978,3.0
9485740340,2015-03-10,346900.0,4,2.5,1900.0,1999,3.0
2254502445,2014-05-30,385000.0,3,1.0,1220.0,1901,3.0
2525500260,2014-11-24,331000.0,3,1.75,1300.0,1986,3.0
8146100270,2015-03-24,824000.0,4,2.25,2490.0,1961,4.0
5127001620,2015-02-11,315000.0,3,1.75,1580.0,1974,4.0
3575200070,2014-11-04,430000.0,3,2.25,2060.0,1984,3.0
224069094,2014-09-11,530000.0,3,2.25,2120.0,1967,3.0
9297300055,2015-01-24,650000.0,4,3.0,2950.0,1979,3.0
2487200875,2014-12-09,604000.0,4,3.0,1960.0,1965,5.0
7972601890,2014-10-20,385000.0,4,1.75,1900.0,1955,4.0
7853240200,2014-05-16,619000.0,3,2.5,2720.0,2005,3.0
1774000200,2014-12-02,400000.0,3,1.75,1920.0,1968,3.0
405100295,2014-08-26,265000.0,3,1.75,1900.0,1954,3.0
66000070,2015-04-06,315000.0,2,1.0,630.0,1918,3.0
2697100140,2015-01-05,423000.0,4,2.25,2200.0,1962,3.0
7212652180,2014-07-01,314500.0,3,2.0,2050.0,1993,3.0
2988000070,2015-03-04,405000.0,5,1.75,1550.0,1961,3.0
7520000520,2014-09-05,232000.0,2,1.0,1240.0,1922,3.0
2122039094,2014-11-26,705000.0,3,3.0,1970.0,1980,4.0
3793500160,2015-03-12,323000.0,3,2.5,1890.0,2003,3.0
7137970340,2014-07-03,285000.0,5,2.5,2270.0,1995,3.0
7138000260,2014-06-05,430000.0,3,2.0,1750.0,1961,3.0
7899800860,2015-03-19,259950.0,2,2.0,1070.0,2008,3.0
9133600075,2014-08-21,373000.0,3,1.75,1830.0,1958,3.0
686500030,2014-12-02,650000.0,6,2.75,3610.0,1966,4.0
7548300731,2014-08-08,559950.0,3,2.5,1660.0,2014,3.0
3126069068,2015-04-24,485000.0,4,1.75,2560.0,1962,4.0
5101405124,2014-09-12,435000.0,4,2.5,1900.0,1940,4.0
100600550,2014-08-04,226500.0,3,1.5,1300.0,1976,4.0
6021501535,2014-07-25,430000.0,3,1.5,1580.0,1939,3.0
1843200240,2015-05-05,200000.0,2,1.5,1900.0,1978,3.0
8856950070,2014-12-10,329500.0,4,2.5,1820.0,1994,3.0
7800800160,2014-11-21,375000.0,3,2.25,2120.0,1983,4.0
5634500392,2015-04-10,330000.0,3,3.0,2420.0,1988,4.0
11510310,2014-09-05,835000.0,4,2.75,3130.0,1993,3.0
2586800270,2015-04-07,425000.0,4,1.0,1260.0,1925,3.0
7375300160,2015-03-09,530000.0,5,2.25,2720.0,1958,4.0
1324059104,2015-04-21,691100.0,3,2.75,2360.0,1983,4.0
1126049053,2014-11-13,770000.0,4,2.75,3820.0,2014,3.0
1274500060,2014-08-25,204000.0,3,1.0,1000.0,1968,4.0
2264500350,2015-04-18,615000.0,4,1.0,1330.0,1901,4.0
6378500125,2015-05-01,436000.0,2,1.0,1040.0,1939,4.0
4058000060,2015-04-09,416000.0,3,2.0,2220.0,1976,5.0
1332700270,2014-05-19,215000.0,2,2.25,1610.0,1979,4.0
826079094,2015-03-24,330000.0,3,2.0,1900.0,1997,3.0
4060000240,2014-06-23,205425.0,2,1.0,880.0,1945,4.0
192460310,2015-03-24,269900.0,3,1.75,1140.0,1986,3.0
2200500350,2014-08-12,500000.0,2,1.0,1640.0,1954,4.0
326069104,2014-07-01,800000.0,3,3.5,3830.0,1993,3.0
7129300520,2014-10-13,221900.0,3,1.0,1180.0,1955,3.0
7504101230,2014-06-23,675000.0,4,2.5,1900.0,1982,3.0
4233400340,2014-08-20,185000.0,3,1.75,1430.0,1994,3.0
1623049062,2015-03-04,210000.0,2,1.0,1900.0,1950,3.0
8658300340,2014-05-23,80000.0,1,0.75,430.0,1912,2.0
2022069200,2015-05-05,455000.0,4,2.5,2210.0,1997,3.0
6411600069,2014-05-21,325000.0,3,1.0,990.0,1947,4.0
3362400431,2014-06-26,518500.0,3,3.5,1590.0,2010,3.0
722059070,2015-01-15,235000.0,3,1.0,1430.0,1961,4.0
9323600060,2014-07-15,942500.0,5,3.5,3750.0,1981,4.0
625049299,2014-12-03,482000.0,2,1.0,1900.0,1941,3.0
8564950390,2014-09-19,525000.0,4,2.5,2450.0,2003,3.0
4235400186,2014-11-24,331000.0,3,1.75,1080.0,1954,3.0
9521101455,2014-07-23,548000.0,2,1.0,1470.0,1916,4.0
6071600370,2015-02-27,500000.0,4,2.25,2030.0,1961,4.0
922049078,2014-11-18,157000.0,1,1.0,870.0,1939,3.0
2591820310,2014-10-06,365000.0,4,2.25,2070.0,1986,4.0
3530490070,2014-06-13,210000.0,2,1.75,1440.0,1978,4.0
192460060,2014-07-15,330000.0,3,1.75,1510.0,1985,3.0
3291800710,2014-11-20,338000.0,4,3.0,2090.0,1986,3.0
2557000400,2015-04-09,272500.0,3,2.5,2070.0,1979,3.0
2436701180,2014-08-14,671500.0,5,2.75,2160.0,1927,5.0
8651520400,2014-06-12,610750.0,4,2.25,2180.0,1984,3.0
3416600800,2015-02-09,834000.0,4,2.5,2370.0,1928,5.0
3775300030,2014-12-31,333500.0,3,1.75,1220.0,1965,3.0
8945200830,2015-03-25,210490.0,3,1.0,990.0,1966,3.0
7374200030,2015-04-16,387000.0,4,1.75,2500.0,1973,3.0
2231500030,2014-10-01,315000.0,4,2.25,2180.0,1954,5.0
3340401555,2014-11-05,235000.0,4,1.5,1690.0,1930,4.0
8644000060,2014-10-24,237000.0,3,1.75,1270.0,1960,3.0
7796450200,2014-05-15,256883.0,3,2.5,1690.0,2003,3.0
6067910030,2015-03-16,664000.0,4,2.75,2510.0,1978,5.0
3530510041,2014-07-23,188500.0,2,1.75,1240.0,1985,4.0
8079040320,2015-02-23,430000.0,4,3.0,1850.0,1991,3.0
284000223,2014-09-16,578000.0,3,1.75,2120.0,1977,3.0
1952200240,2014-06-11,850830.0,3,2.5,2070.0,1910,5.0
6844700810,2014-09-01,438924.0,3,1.5,1050.0,1949,3.0
8820903380,2015-01-02,730000.0,6,2.25,2660.0,1937,3.0
3876300310,2014-10-22,439000.0,4,2.25,2060.0,1975,3.0
9346980140,2014-08-20,605000.0,3,1.75,1900.0,1977,4.0
9158100075,2015-01-07,330000.0,2,1.0,1350.0,1949,3.0
4330600350,2015-01-15,315000.0,3,2.25,2200.0,1964,4.0
305500140,2015-05-12,365000.0,3,2.5,2200.0,2005,3.0
9238901420,2015-02-02,442000.0,3,1.0,1190.0,1941,4.0
5104450990,2014-06-19,429900.0,4,2.5,2640.0,1987,3.0
1994200024,2014-11-04,511000.0,3,1.0,1430.0,1947,3.0
3275860240,2014-06-18,770000.0,3,2.25,2910.0,1990,3.0
9550204515,2014-09-24,542000.0,2,1.0,890.0,1910,3.0
2013200390,2014-09-22,268000.0,4,1.75,1680.0,1977,3.0
2270000070,2014-10-30,280000.0,4,2.5,1560.0,2003,3.0
1895000260,2014-07-21,207950.0,2,2.0,890.0,1917,3.0
2608300030,2014-05-16,408200.0,3,2.5,1800.0,1990,4.0
8732131090,2015-04-28,295000.0,4,2.5,2160.0,1978,4.0
2597650240,2014-10-23,520000.0,3,2.25,2030.0,1984,3.0
3363900111,2014-12-03,437500.0,2,1.0,990.0,1907,5.0
8159610060,2014-11-19,430000.0,3,2.0,1400.0,1974,3.0
1432900240,2015-05-08,205000.0,3,1.0,1900.0,1962,4.0
6838700060,2014-12-04,280000.0,3,2.25,1430.0,1993,3.0
1777500060,2014-07-08,527700.0,5,2.5,2820.0,1968,3.0
2473251090,2014-06-19,269900.0,4,1.75,1530.0,1968,4.0
1400300055,2015-04-28,425000.0,2,1.0,770.0,1930,3.0
325059286,2014-05-13,819900.0,5,2.75,1900.0,2013,3.0
7983200060,2015-04-24,230000.0,3,1.0,1900.0,1969,4.0
1999700045,2014-05-02,313000.0,3,1.5,1340.0,1955,3.0
2324039036,2015-04-03,597500.0,3,2.0,2150.0,1911,4.0
7972600860,2014-12-10,345000.0,4,1.0,1550.0,1957,3.0
7340500270,2015-01-23,560000.0,4,2.5,2940.0,2000,3.0
114101516,2014-05-28,310000.0,3,1.0,1430.0,1927,4.0
8078520310,2015-04-17,278500.0,3,2.0,1900.0,1998,3.0
1565950030,2015-04-27,364950.0,4,2.5,1930.0,1995,3.0
5016001535,2015-02-17,725000.0,3,1.75,1920.0,1913,4.0
9262800171,2015-03-24,252000.0,4,1.5,1550.0,1969,4.0
1202000200,2014-11-03,233000.0,3,2.0,1710.0,1941,5.0
7846200070,2014-10-02,595000.0,3,2.5,3370.0,2004,3.0
1755700060,2014-06-11,371500.0,3,2.0,1370.0,1964,5.0
7895500070,2015-02-13,240000.0,4,1.0,1220.0,1969,3.0
7234600798,2015-02-10,425000.0,3,2.5,1120.0,2008,3.0
8029510030,2015-02-12,363000.0,3,2.5,2740.0,1990,3.0
5151600340,2014-07-09,290000.0,3,1.5,1900.0,1959,4.0
824079032,2014-06-26,563500.0,4,1.75,2085.0,1964,3.0
2473420140,2014-09-23,315000.0,4,2.75,2300.0,1979,4.0
1745100140,2014-10-17,210000.0,3,1.0,1700.0,1967,4.0
2321300390,2014-11-05,650000.0,3,2.0,1870.0,1925,4.0
7920100045,2014-05-16,350000.0,1,1.0,700.0,1942,3.0
4058801670,2014-07-17,445000.0,3,2.25,1900.0,1967,3.0
4140090240,2014-11-05,520000.0,3,2.25,2590.0,1977,5.0
98020350,2015-01-23,720000.0,4,4.0,3200.0,2004,3.0
1115300070,2014-11-06,684000.0,4,3.5,3040.0,2010,3.0
5468750060,2014-10-28,328500.0,4,3.0,2290.0,1990,3.0
6647200060,2015-02-09,405000.0,3,1.75,1670.0,1980,3.0
6126500060,2014-11-24,329950.0,3,1.75,2080.0,1971,3.0
7852030960,2014-11-06,437500.0,3,2.5,2120.0,2000,3.0
1762600070,2015-01-16,917500.0,4,2.5,3880.0,1984,3.0
952003285,2014-08-05,679900.0,3,2.5,1900.0,2000,3.0
6189200125,2015-03-25,849950.0,3,3.0,2990.0,1973,4.0
4025300135,2015-05-08,451000.0,3,1.75,1790.0,1949,3.0
626059335,2014-09-04,527000.0,4,2.25,2330.0,1987,3.0
1722059235,2014-07-03,430000.0,4,1.75,2600.0,1969,4.0
6865200140,2014-05-29,485000.0,4,1.0,1900.0,1916,4.0
8732020310,2014-07-17,260000.0,4,2.25,2160.0,1978,3.0
3353400435,2014-07-21,230000.0,3,2.0,1900.0,2003,3.0
5101404898,2014-05-19,592500.0,2,2.0,1420.0,1928,5.0
5466410030,2015-04-10,249000.0,3,2.0,1360.0,1994,3.0
2172000075,2014-06-23,430000.0,2,2.0,1610.0,1930,3.0
662310400,2014-10-17,515000.0,4,3.0,3590.0,1997,3.0
1723049270,2015-01-07,340500.0,3,2.0,2270.0,1947,4.0
9477200200,2014-08-18,305000.0,3,1.75,1650.0,1977,3.0
3626039325,2014-11-21,740500.0,3,3.5,4380.0,1900,3.0
1922059046,2014-10-29,430000.0,3,1.0,1980.0,1932,3.0
2459500310,2015-02-18,358000.0,3,2.25,1610.0,1985,4.0
6021501535,2014-12-23,700000.0,3,1.5,1580.0,1939,3.0
3830630310,2014-07-25,260000.0,3,2.5,1670.0,1988,3.0
3260800030,2014-08-11,335000.0,3,2.5,2440.0,1998,3.0
6600700030,2015-05-06,525000.0,3,2.25,1490.0,1981,3.0
7511800070,2014-08-21,264000.0,3,1.5,1820.0,1962,4.0
2525069041,2014-09-04,505000.0,3,1.5,1830.0,1981,3.0
7972601890,2014-10-20,385000.0,4,1.75,1900.0,1955,4.0
9346980140,2014-08-20,605000.0,3,1.75,1900.0,1977,4.0
5000500055,2014-05-28,215000.0,2,1.0,1320.0,1943,4.0
2078500320,2014-06-20,605000.0,4,2.5,2620.0,1996,3.0
9477200200,2014-08-18,305000.0,3,1.75,1650.0,1977,3.0
7214810350,2014-10-17,467000.0,5,2.25,2500.0,1979,3.0
8658300340,2014-05-23,80000.0,1,0.75,430.0,1912,2.0
98020350,2015-01-23,720000.0,4,4.0,3200.0,2004,3.0
2013200390,2014-09-22,268000.0,4,1.75,1680.0,1977,3.0
1653500070,2014-05-12,927000.0,4,2.75,3300.0,1953,3.0
2697100140,2015-01-05,423000.0,4,2.25,2200.0,1962,5.0
4379400260,2014-06-10,695000.0,3,2.75,2540.0,2005,3.0
3261020370,2014-06-05,653000.0,3,2.5,2680.0,1979,4.0
9418400240,2014-10-28,355000.0,2,1.0,1900.0,1948,3.0
4022907770,2014-10-14,550000.0,4,1.75,1900.0,1958,3.0
1509500060,2014-09-05,370000.0,4,2.5,2720.0,1992,3.0
1402600700,2014-07-21,359900.0,4,2.25,2470.0,1983,3.0
8944290160,2014-11-04,230000.0,3,2.0,1510.0,1985,3.0
3797001895,2015-04-22,481000.0,3,1.75,1560.0,1918,4.0
9276201895,2014-08-20,615000.0,3,1.75,1900.0,1951,5.0
1529200340,2015-01-08,496500.0,3,2.5,2260.0,1994,3.0
9545240070,2015-04-28,660500.0,4,2.25,2010.0,1986,3.0
8820901275,2014-06-10,571000.0,4,2.0,2750.0,1916,3.0
3021059276,2015-03-14,430000.0,4,2.0,2010.0,1976,4.0
8722101360,2014-12-02,780000.0,3,1.0,1660.0,1911,3.0
3454000060,2014-07-22,1000000.0,4,2.5,2610.0,1922,3.0
9485740340,2015-03-10,346900.0,4,2.5,1900.0,1999,3.0
2123039032,2014-10-27,369900.0,1,0.75,760.0,1936,5.0
7853240200,2014-05-16,619000.0,3,2.5,2720.0,2005,3.0
8146100270,2015-03-24,824000.0,4,2.25,2490.0,1961,4.0
3830630060,2014-09-29,245000.0,3,2.5,1730.0,1987,3.0
1687900520,2014-09-29,673000.0,4,2.25,2590.0,1980,4.0
7972000200,2014-05-29,264950.0,4,2.25,1720.0,1978,4.0
2946001550,2015-04-16,279000.0,6,1.75,2240.0,1955,4.0
2473420140,2014-09-23,315000.0,4,2.75,2300.0,1979,4.0
